,City,Cloudiness,Country,Date,Humidity,Lat,Lng,Max Temp,Wind Speed
0,Semme,0,FR,1560207602,81,46.2,1.5,51.01,3.36
1,Cravo Norte,100,CO,1560207604,97,6.3,-70.2,73.49,3.51
2,Wanlaweyn,100,SO,1560207606,84,2.62,44.89,75.47,9.66
3,Hambantota,100,LK,1560207607,81,6.12,81.12,83.57,16.73
4,Mahibadhoo,100,MV,1560207609,80,3.78,72.97,83.03,11.01
5,Touros,100,BR,1560207610,80,-5.2,-35.46,81.05,21.59
6,Codajas,92,BR,1560207611,75,-3.84,-62.06,80.87,1.43
7,Buchanan,75,LR,1560207612,94,5.88,-10.05,77.0,11.07
8,Dabakala,100,CI,1560207614,94,8.36,-4.43,73.13,6.53
9,Kavaratti,100,IN,1560207615,78,10.57,72.64,84.29,29.77
10,Ogaminana,65,NG,1560207616,93,7.6,6.2,72.77,8.16
11,Ikere,70,NG,1560207617,98,7.49,5.23,71.69,4.09
12,Lodja,17,CD,1560207619,56,-3.52,23.6,68.09,1.88
13,Zaraza,100,VE,1560207620,82,9.35,-65.33,78.17,9.15
14,Kigorobya,81,UG,1560207621,78,1.62,31.31,73.31,4.85
15,Palora,75,EC,1560207622,61,-1.7,-77.97,77.0,1.12
16,Georgetown,75,GY,1560207561,74,6.8,-58.16,84.2,12.75
17,Agadez,1,NE,1560207626,11,16.97,7.99,91.4,3.36
18,Victoria,75,BN,1560207627,88,5.28,115.24,80.6,9.04
19,Bondoukou,100,CI,1560207394,97,8.04,-2.8,71.87,4.7
20,Itarema,70,BR,1560207629,89,-2.92,-39.92,76.01,8.63
21,Takoradi,68,GH,1560207631,83,4.89,-1.75,76.55,4.21
22,Matara,1,PE,1560207052,74,-13.74,-72.9,38.39,5.66
23,Porto Novo,20,BR,1560207633,87,-23.68,-45.44,60.8,5.82
24,Banda Aceh,100,ID,1560207634,79,5.56,95.32,84.65,12.66
25,Tessaoua,16,NE,1560207527,26,13.76,7.99,94.91,0.85
26,Carutapera,22,BR,1560207636,94,-1.2,-46.02,76.37,4.92
27,Punta Cardon,100,VE,1560207638,76,11.61,-70.22,84.29,25.79
28,Mangrol,3,IN,1560207639,20,25.33,76.51,100.49,7.4
29,Jutai,87,BR,1560207640,99,-1.71,-47.89,74.21,2.3
30,Salalah,40,OM,1560207642,84,17.01,54.1,86.0,10.29
31,Adwa,98,ET,1560207643,77,14.16,38.9,65.93,1.99
32,Pitimbu,75,BR,1560207644,83,-7.47,-34.81,78.8,6.93
33,Am Timan,98,TD,1560207645,69,11.04,20.28,81.95,3.89
34,Sokoni,0,CD,1560207646,81,-12.89,28.78,50.27,5.17
35,Bandarbeyla,46,SO,1560207648,49,9.49,50.81,83.21,20.83
36,Adre,63,TD,1560207649,43,13.47,22.2,85.37,7.09
37,Batticaloa,100,LK,1560207650,88,7.71,81.69,75.11,2.13
38,Manadhoo,92,MV,1560207651,80,5.77,73.38,83.57,16.89
39,Grand-Lahou,46,CI,1560207652,95,5.24,-5.0,73.49,2.15
40,Gore,97,ET,1560207654,99,8.15,35.53,56.75,2.42
41,Axim,51,GH,1560207655,80,4.87,-2.24,77.99,7.58
42,Gamboma,9,CG,1560207656,56,-1.87,15.88,76.19,4.92
43,Praia,0,BR,1560207562,68,-20.25,-43.81,66.2,5.82
44,Doka,100,SD,1560207659,77,13.52,35.76,78.17,13.18
45,Kalmunai,100,LK,1560207660,88,7.42,81.82,75.11,2.13
46,Kolondieba,99,ML,1560207661,73,11.09,-6.89,81.05,7.63
47,Gambela,97,ET,1560207662,88,8.25,34.59,66.29,4.54
48,Puerto Leguizamo,94,CO,1560207664,97,-0.19,-74.78,71.69,2.21
49,Ouahigouya,81,BF,1560207665,31,13.58,-2.42,95.27,11.95
50,Boromo,100,BF,1560207666,45,11.74,-2.93,89.51,9.78
51,Trairi,78,BR,1560207667,96,-3.28,-39.27,72.41,4.83
52,Cayenne,0,GF,1560207669,94,4.94,-52.33,77.0,2.24
53,Iracoubo,20,GF,1560207670,90,5.48,-53.21,76.55,6.78
54,Goderich,80,CA,1560207459,94,43.74,-81.71,55.0,21.0
55,Canguaretama,75,BR,1560207672,88,-6.38,-35.14,77.0,5.82
56,Mangai,29,CD,1560207673,47,-4.07,19.59,69.53,1.54
57,Bubaque,100,GW,1560207675,86,11.28,-15.83,79.97,16.22
58,Marsabit,85,KE,1560207676,49,2.34,37.99,81.59,19.15
59,Puri,62,ID,1560207677,78,-7.54,112.45,76.73,11.32
60,Aden,38,YE,1560207532,61,12.79,45.03,89.69,6.8
61,Yarada,99,IN,1560207679,82,17.65,83.27,84.83,12.17
62,Hobyo,93,SO,1560207681,62,5.35,48.53,80.33,23.4
63,Eirunepe,28,BR,1560207682,75,-6.66,-69.87,76.91,1.28
64,Monrovia,75,LR,1560207683,94,6.33,-10.8,77.0,8.48
65,Colombo,90,LK,1560207559,100,6.93,79.85,75.2,3.36
66,Urrao,75,CO,1560207685,61,6.32,-76.13,77.0,13.87
67,Mayumba,0,GA,1560207687,86,-3.44,10.65,74.57,3.8
68,Omboue,48,GA,1560207688,83,-1.57,9.26,76.01,9.28
69,Galle,1,US,1560207689,58,29.74,-97.91,87.01,11.41
70,Yangambi,23,CD,1560207690,68,0.77,24.47,74.39,1.21
71,Jackville,75,CI,1560207691,83,5.21,-4.42,80.6,5.82
72,Xuddur,41,SO,1560207693,77,4.12,43.89,72.95,18.16
73,Tarkwa,64,GH,1560207694,96,5.31,-1.99,72.59,2.17
74,Kudahuvadhoo,97,MV,1560207695,76,2.67,72.89,83.57,8.01
75,Gao,43,ML,1560207697,26,16.28,-0.04,97.79,11.01
76,Puerto Ayacucho,75,CO,1560207698,88,5.66,-67.63,78.8,5.44
77,Requena,8,ES,1560207699,72,39.49,-1.1,62.6,3.36
78,Iquitos,20,PE,1560207700,319,-3.75,-73.25,42.8,3.36
79,Maunabo,90,PR,1560207701,70,18.01,-65.9,86.0,8.05
80,Avanigadda,100,IN,1560207703,61,16.02,80.92,91.13,8.34
81,Sao Filipe,15,CV,1560207704,86,14.9,-24.5,73.85,20.13
82,Bembereke,92,BJ,1560207705,87,10.23,2.66,76.19,8.23
83,Garissa,25,KE,1560207706,54,-0.46,39.64,77.63,17.47
84,Edd,97,ER,1560207707,40,13.93,41.69,90.41,4.59
85,Bathsheba,20,BB,1560207709,69,13.22,-59.52,82.4,19.46
86,Nagamangala,100,IN,1560207710,81,12.82,76.75,72.41,16.62
87,Bonthe,100,SL,1560207711,85,7.53,-12.5,78.89,5.19
88,Faya,40,SA,1560207712,40,18.39,42.45,75.2,2.21
89,Nisia Floresta,75,BR,1560207713,88,-6.09,-35.21,77.0,5.82
90,Coari,84,BR,1560207715,76,-4.09,-63.14,79.07,1.28
91,Mitu,1,IR,1560207716,54,36.2,46.09,64.13,4.76
92,Shambu,100,ET,1560207717,98,9.57,37.1,56.39,1.61
93,Hithadhoo,93,MV,1560207718,79,-0.6,73.08,83.21,8.25
94,Eyl,100,SO,1560207720,57,7.98,49.82,82.49,22.86
95,Gamba,1,CN,1560207721,60,28.28,88.52,36.41,4.18
96,Capanema,0,BR,1560207722,88,-25.67,-53.8,68.0,5.82
97,El Tocuyo,75,VE,1560207723,65,9.79,-69.8,78.8,10.29
98,Mabaruma,24,GY,1560207725,92,8.2,-59.78,74.03,2.86
99,Djibo,91,BF,1560207726,28,14.1,-1.63,97.61,10.85
100,Cabedelo,75,BR,1560207727,83,-6.97,-34.84,78.8,6.93
101,Sayyan,29,YE,1560207728,60,15.17,44.32,71.87,2.01
102,Gbarnga,100,LR,1560207730,99,7.0,-9.47,71.51,2.33
103,Gunjur,0,GM,1560207731,88,13.18,-16.76,77.0,8.05
104,Weligama,100,LK,1560207732,80,5.97,80.42,84.29,16.37
105,Jacareacanga,96,BR,1560207733,62,-6.22,-57.76,83.03,1.88
106,Port Blair,99,IN,1560207734,78,11.67,92.75,85.19,27.38
107,Mattru,100,SL,1560207736,94,7.62,-11.83,75.65,2.95
108,Mega,22,ET,1560207737,63,4.06,38.32,70.25,12.08
109,Kolda,100,SN,1560207738,58,12.89,-14.94,84.11,7.85
110,Ratnagiri,100,IN,1560207739,81,16.98,73.3,84.47,22.59
111,Tabou,61,CI,1560207666,89,4.42,-7.36,74.39,2.91
112,Mettur,100,IN,1560207742,84,11.8,77.8,75.47,0.54
113,Soyo,38,AO,1560207743,85,-6.13,12.37,76.01,5.21
114,Bani,100,PH,1560207744,77,15.89,120.27,83.93,5.84
115,Jardim,3,BR,1560207746,65,-21.48,-56.15,67.73,3.76
116,Luis Correia,40,BR,1560207747,83,-2.88,-41.67,82.4,5.82
117,Kindu,22,CD,1560207748,64,-2.95,25.92,68.99,2.66
118,Anloga,20,GH,1560207749,88,5.79,0.9,78.8,10.29
119,Foso,70,GH,1560207751,95,5.7,-1.29,72.95,2.24
120,Dwarka,0,IN,1560207752,24,28.58,77.04,95.0,3.36
121,Mao,40,DO,1560207636,74,19.55,-71.08,84.2,17.22
122,Jalingo,90,NG,1560207754,55,10.3,10.93,84.83,10.74
123,Idanre,53,NG,1560207755,99,7.11,5.11,71.87,2.26
124,Ouadda,100,CF,1560207757,92,8.07,22.4,70.61,2.84
125,Moyale,87,ET,1560207758,78,3.52,39.05,69.89,7.74
126,Ponta do Sol,5,BR,1560207759,87,-20.63,-46.0,56.93,3.85
127,Ciudad Bolivar,100,VE,1560207760,52,8.12,-63.55,87.17,6.4
128,Sinnamary,28,GF,1560207761,84,5.38,-52.96,79.79,14.34
129,Harur,100,IN,1560207763,72,12.06,78.48,79.07,8.05
130,Campoalegre,75,CO,1560207764,74,2.69,-75.33,78.8,11.41
131,Macau,100,BR,1560207765,87,-5.11,-36.64,76.01,13.91
132,Bolobo,13,CD,1560207766,56,-2.17,16.23,77.45,2.48
133,Solano,98,PH,1560207768,77,16.52,121.18,75.29,3.11
134,Mindelo,40,PT,1560207769,87,41.31,-8.72,60.01,10.29
135,Cotonou,82,BJ,1560207770,89,6.37,2.43,76.91,5.48
136,Senador Jose Porfirio,87,BR,1560207771,91,-2.59,-51.95,77.27,5.21
137,Kerouane,100,GN,1560207773,58,12.23,-12.34,86.63,10.36
138,Kaputa,0,ZM,1560207774,67,-8.47,29.66,61.97,6.93
139,Salinopolis,31,BR,1560207775,79,-0.61,-47.36,82.13,12.12
140,Kintampo,100,GH,1560207776,92,8.05,-1.73,74.39,7.83
141,Mpanda,0,TZ,1560207777,64,-6.34,31.07,60.53,4.85
142,Keffi,20,NG,1560207779,83,8.85,7.88,78.8,2.24
143,Wattegama,100,LK,1560207780,82,7.35,80.68,75.83,5.53
144,Kpandae,100,GH,1560207781,89,8.46,-0.01,76.19,7.34
145,Thinadhoo,79,MV,1560207782,75,0.53,72.93,83.21,7.23
146,Dabat,100,ET,1560207784,80,12.98,37.77,68.81,0.78
147,Nakasongola,44,UG,1560207785,95,1.32,32.46,63.23,2.01
148,Oros,0,HU,1560207786,77,47.95,21.8,69.8,6.93
149,Japura,39,ID,1560207787,87,-0.42,102.29,75.83,2.89
150,Sao Felix do Xingu,0,BR,1560207629,82,-6.64,-51.99,73.85,3.76
151,Oranjestad,20,AW,1560207790,74,12.52,-70.03,84.2,25.28
152,Lethem,87,GY,1560207786,78,3.38,-59.8,79.43,9.4
153,Moba,0,CD,1560207792,73,-7.04,29.77,56.57,3.06
154,Manacapuru,40,BR,1560207793,78,-3.3,-60.62,80.6,2.24
155,Sassandra,57,CI,1560207794,94,4.95,-6.09,73.49,2.77
156,Foumban,71,CM,1560207664,91,5.73,10.9,63.05,0.45
157,Kampene,27,CD,1560207797,67,-3.59,26.67,65.03,1.72
158,Mamallapuram,40,IN,1560207798,49,12.63,80.17,91.4,10.29
159,Birao,100,CF,1560207799,80,10.3,22.78,76.91,19.3
160,Lamu,97,ID,1560207800,78,0.57,122.3,80.15,1.81
161,Bouna,100,CI,1560207802,91,9.27,-3.0,74.39,8.52
162,Kamakwie,100,SL,1560207803,93,9.5,-12.24,76.73,4.34
163,Lambarene,30,GA,1560207804,92,-0.7,10.22,72.59,3.58
164,Orocue,100,CO,1560207805,96,4.79,-71.34,72.95,4.72
165,Yokadouma,100,CM,1560207806,97,3.52,15.05,69.53,1.48
166,Kibre Mengist,98,ET,1560207808,99,5.87,38.99,53.69,2.46
167,Tshikapa,32,CD,1560207809,41,-6.42,20.79,69.89,2.08
168,Banyo,95,CM,1560207810,88,6.75,11.81,63.95,4.54
169,Niono,93,ML,1560207811,40,14.25,-5.99,93.29,18.97
170,Monte Alegre,93,BR,1560207813,97,-2.0,-54.07,75.11,3.0
171,Kissidougou,100,GN,1560207814,96,9.19,-10.1,70.97,3.6
172,Musoma,26,TZ,1560207815,67,-1.5,33.81,73.13,4.81
173,Boundiali,100,CI,1560207816,94,9.53,-6.48,73.67,5.75
174,Kutum,71,SD,1560207818,43,14.2,24.66,81.05,8.05
175,Pobe,99,BJ,1560207819,95,6.98,2.66,74.75,4.29
176,Bunia,64,CD,1560207820,96,1.56,30.25,64.31,3.29
177,Kumba,98,CM,1560207821,88,4.64,9.44,75.47,2.75
178,Puerto Narino,75,CO,1560207822,100,-3.77,-70.38,75.2,4.7
179,Minna,0,NG,1560207824,78,9.62,6.55,82.4,5.82
180,Alampur,100,IN,1560207825,50,15.88,78.14,88.43,14.65
181,Caucaia,40,BR,1560207557,74,-3.73,-38.66,82.4,16.11
182,Anuradhapura,100,LK,1560207827,82,8.34,80.41,81.59,9.42
183,Ipixuna,97,BR,1560207828,97,-1.76,-48.8,74.21,2.8
184,Natal,75,BR,1560207830,88,-5.81,-35.21,77.0,5.82
185,Garowe,68,SO,1560207831,64,8.41,48.48,78.17,22.79
186,Amapa,75,HN,1560207832,66,15.09,-87.97,87.8,9.17
187,Tshela,38,CD,1560207833,98,-4.99,12.94,67.55,0.78
188,Puerto Carreno,75,CO,1560207577,88,6.19,-67.49,78.8,5.99
189,Jimma,97,ET,1560207836,97,7.67,36.84,57.83,1.74
190,Sokolo,100,ML,1560207837,28,14.74,-6.12,99.59,7.11
191,Narok,92,KE,1560207839,87,-1.09,35.87,55.85,7.81
192,Ippy,94,CF,1560207840,72,6.26,21.2,73.13,2.42
193,Ankpa,74,NG,1560207841,85,7.37,7.63,76.91,9.78
194,Lalibela,27,ET,1560207842,57,12.04,39.05,65.57,1.72
195,Nioro,98,GM,1560207844,50,13.79,-15.05,83.75,14.83
196,Kangaba,92,ML,1560207845,53,11.94,-8.41,86.81,4.5
197,Paracuru,40,BR,1560207846,74,-3.41,-39.03,82.4,16.11
198,Bilma,0,NE,1560207847,9,18.69,12.92,87.35,10.63
199,Meulaboh,100,ID,1560207849,84,4.14,96.13,80.87,6.69
200,Moundou,59,TD,1560207850,75,8.57,16.07,77.81,5.46
201,Totness,90,US,1560207851,100,33.74,-80.8,81.0,6.93
202,Port-Gentil,20,GA,1560207853,88,-0.72,8.78,77.0,6.93
203,Dakar,37,SN,1560207724,88,14.69,-17.45,75.2,9.17
204,Guiglo,99,CI,1560207855,99,6.55,-7.5,71.15,2.55
205,Jamestown,0,AU,1560207857,31,-33.21,138.6,59.27,9.91
206,Maraba,0,BR,1560207858,62,-5.35,-49.1,86.0,2.24
207,Mandera,12,ET,1560207859,60,3.94,41.86,79.79,16.31
208,Cabinda,38,AO,1560207860,86,-5.56,12.19,75.29,3.15
209,Rafai,96,CF,1560207862,64,4.95,23.92,72.77,1.66
210,Gummidipundi,40,IN,1560207863,49,13.42,80.13,91.4,10.29
211,Qandala,70,SO,1560207864,61,11.47,49.87,89.33,12.21
212,Pailitas,99,CO,1560207866,77,8.96,-73.63,83.21,3.36
213,Hospet,99,IN,1560207867,69,15.27,76.4,79.79,20.13
214,La Asuncion,85,EC,1560207868,96,-1.64,-78.74,46.13,4.21
215,Kralendijk,75,BQ,1560207869,74,12.15,-68.27,84.2,24.16
216,Agustin Codazzi,75,CO,1560207871,79,10.03,-73.24,84.2,5.82
217,Marienburg,0,DE,1560207872,77,52.12,9.98,68.0,2.24
218,Santa Isabel do Rio Negro,75,BR,1560207873,98,-0.41,-65.02,75.11,1.7
219,Kakonko,6,TZ,1560207874,74,-3.28,30.97,59.99,1.99
220,Daoukro,100,CI,1560207875,99,7.06,-3.97,71.87,2.59
221,Wad Rawah,79,SD,1560207877,43,15.16,33.13,91.31,16.35
222,Oriximina,99,BR,1560207878,88,-1.77,-55.87,78.71,5.41
223,Fonte Boa,78,BR,1560207879,84,-2.51,-66.09,78.35,2.51
224,Soure,40,PT,1560207708,82,40.06,-8.63,59.0,4.7
225,Moratuwa,90,LK,1560207881,100,6.77,79.88,75.2,3.36
226,Trincomalee,100,LK,1560207883,77,8.58,81.23,80.69,8.32
227,Yanam,96,IN,1560207884,76,16.73,82.22,84.11,3.4
228,Dagana,68,MR,1560207885,49,16.52,-15.51,80.15,15.41
229,Binga,0,ZW,1560207886,69,-17.62,27.34,53.69,0.07
230,Apac,64,UG,1560207888,95,1.98,32.53,64.31,0.81
231,Vila do Maio,20,CV,1560207889,78,15.13,-23.22,75.2,18.34
232,Manicore,84,BR,1560207786,68,-5.81,-61.3,80.87,1.77
233,Tambacounda,100,SN,1560207891,26,13.77,-13.67,98.15,4.38
234,Biltine,47,TD,1560207892,30,14.53,20.93,91.13,6.67
235,Tucurui,7,BR,1560207894,72,-3.77,-49.67,78.53,2.42
236,Kabalo,13,CD,1560207895,47,-6.05,26.92,69.53,3.71
237,Mbanza-Ngungu,38,CD,1560207896,60,-5.25,14.87,69.71,3.0
238,Arroyo,90,US,1560207897,88,41.39,-78.88,68.0,5.82
239,Saint-Georges,100,CA,1560207898,65,46.12,-70.67,71.01,9.22
240,Mhango,1,TZ,1560207900,67,-2.75,33.92,65.75,6.46
241,Biu,68,NG,1560207901,52,10.61,12.19,81.23,7.61
242,Gedo,92,ET,1560207902,96,9.01,37.45,59.63,0.49
243,Kayanga,24,TZ,1560207903,89,-1.53,31.15,60.71,2.84
244,Lodwar,24,KE,1560207904,54,3.12,35.6,81.59,3.31
245,Tanda,7,IN,1560207906,15,31.67,75.63,89.69,6.69
246,Sur,18,OM,1560207907,29,22.57,59.53,97.25,11.21
247,Carupano,0,VE,1560207610,69,10.67,-63.26,78.89,5.66
248,Barcelos,40,PT,1560207642,87,41.53,-8.62,59.0,10.29
249,Rabak,88,SD,1560207910,55,13.18,32.74,86.27,17.49
250,Kikwit,38,CD,1560207912,40,-5.04,18.82,71.69,3.15
251,Meiganga,87,CM,1560207913,93,6.52,14.29,64.67,1.01
252,Saint-Francois,0,FR,1560207914,87,46.42,3.91,51.8,1.32
253,Voi,0,KE,1560207915,89,-3.4,38.57,64.67,5.77
254,Kigoma,0,TZ,1560207916,62,-4.88,29.64,74.03,3.76
255,Morant Bay,20,JM,1560207918,66,17.88,-76.41,86.0,24.16
256,San Carlos,100,VE,1560207920,94,9.66,-68.59,73.67,3.96
257,Kalemie,0,CD,1560207921,81,-5.95,29.2,61.79,4.27
258,Harper,1,US,1560207922,54,30.3,-99.24,81.0,9.17
259,Les Cayes,26,HT,1560207923,79,18.19,-73.75,82.85,17.69
260,Nara,75,JP,1560207924,77,34.68,135.8,72.0,5.82
261,Mogadishu,100,SO,1560207653,80,2.04,45.34,77.81,13.11
262,Kanniyakumari,99,IN,1560207846,80,8.08,77.57,83.39,20.38
263,Umm Kaddadah,61,SD,1560207928,40,13.6,26.69,89.69,8.63
264,Diffa,40,NE,1560207929,26,13.32,12.61,92.93,4.63
265,Phirangipuram,100,IN,1560207930,64,16.29,80.26,89.69,8.77
266,Beinamar,100,TD,1560207931,80,8.67,15.38,75.47,3.13
267,Caraballeda,100,VE,1560207933,72,10.61,-66.85,72.0,5.77
268,Bondo,90,CD,1560207934,69,3.81,23.69,70.97,2.33
269,El Dorado,100,VE,1560207935,99,6.71,-61.64,70.43,3.04
270,Paragominas,92,BR,1560207936,97,-3.0,-47.35,73.49,2.89
271,Canutama,63,BR,1560207938,74,-6.53,-64.38,76.73,2.48
272,Alcantara,100,PH,1560207939,80,9.97,123.41,78.89,4.0
273,Luba,85,PH,1560207940,68,17.32,120.7,85.37,5.68
274,Puerto Colombia,75,CO,1560207941,88,10.99,-74.96,82.4,5.82
275,Bangangte,100,CM,1560207943,99,5.14,10.52,68.09,2.77
276,Magadi,40,IN,1560207944,94,12.96,77.22,73.4,12.75
277,Mwene-Ditu,32,CD,1560207945,42,-7.01,23.45,65.57,3.15
278,Abeche,73,TD,1560207946,31,13.83,20.83,89.51,8.21
279,San-Pedro,44,CI,1560207947,98,4.75,-6.64,70.97,2.35
280,Sangre Grande,20,TT,1560207949,65,10.59,-61.13,82.99,11.41
281,Mazagao,90,BR,1560207950,94,-0.12,-51.29,80.6,8.05
282,Puerto Rico,92,PY,1560207951,77,-26.82,-55.03,64.31,4.34
283,Sao Gabriel da Cachoeira,83,BR,1560207758,96,-0.13,-67.09,74.57,0.54
284,Huicungo,2,PE,1560207953,47,-7.28,-76.8,73.49,4.05
285,Barahona,40,DO,1560207666,74,18.21,-71.1,86.0,17.22
286,Codrington,40,AU,1560207956,100,-28.95,153.24,64.0,2.71
287,Marabba,96,SD,1560207957,51,12.35,32.18,87.17,10.96
288,Maraa,91,BR,1560207958,95,-1.83,-65.37,75.47,0.92
289,Mumford,59,GH,1560207959,90,5.26,-0.76,74.21,2.8
290,Mgandu,0,TZ,1560207961,70,-5.96,34.11,58.01,8.25
291,Ndjole,33,GA,1560207962,93,-0.18,10.76,72.41,2.86
292,Ugoofaaru,90,MV,1560207963,80,5.67,73.0,83.57,15.52
293,Micheweni,3,TZ,1560207964,72,-4.97,39.83,82.13,20.78
294,Alenquer,75,BR,1560207966,88,-1.95,-54.74,78.8,2.24
295,Augusto Correa,38,BR,1560207967,99,-1.02,-46.63,74.21,2.08
296,Mitsamiouli,20,KM,1560207968,69,-11.38,43.28,78.8,4.7
297,Mizan Teferi,91,ET,1560207969,88,6.99,35.58,62.33,3.22
298,Kisesa,74,TZ,1560207970,47,-2.55,33.05,72.23,8.46
299,Azare,75,NG,1560207972,36,11.67,10.19,89.87,5.97
300,Araouane,13,ML,1560207973,23,18.9,-3.53,99.59,11.45
301,Yenagoa,100,NG,1560207974,89,4.92,6.26,74.93,3.8
302,Makokou,27,GA,1560207975,96,0.56,12.85,71.15,2.86
303,Afonso Bezerra,100,BR,1560207698,84,-5.5,-36.51,76.55,6.33
304,Mandiana,98,GN,1560207978,89,10.62,-8.7,75.29,7.61
305,Kapchorwa,60,UG,1560207979,93,1.4,34.45,64.13,3.4
306,Goure,42,NE,1560207980,9,13.98,10.27,93.47,6.85
307,Areka,99,ET,1560207981,82,7.07,37.71,64.13,2.28
308,Port Elizabeth,75,US,1560207930,94,39.31,-74.98,78.01,8.05
309,Argelia,40,CO,1560207984,88,4.73,-76.12,77.0,5.82
310,Chiriguana,100,CO,1560207985,84,9.36,-73.6,81.23,5.35
311,Ferkessedougou,100,CI,1560207728,87,9.6,-5.2,76.01,8.95
312,Kolhapur,96,IN,1560207987,80,16.7,74.24,77.27,3.98
313,Bereda,40,ES,1560207989,87,43.27,-7.54,55.4,1.12
314,Maracaibo,75,CO,1560207990,54,3.41,-75.78,84.2,10.29
315,Khartoum,0,SD,1560207991,42,15.59,32.54,86.0,13.87
316,Sao Paulo de Olivenca,80,BR,1560207992,96,-3.38,-68.87,74.39,0.58
317,Alta Floresta,100,BR,1560207994,65,-9.87,-56.08,76.91,3.33
318,Nieuwpoort,16,BE,1560207851,87,51.13,2.75,53.01,5.82
319,Waterloo,90,CA,1560207831,93,43.47,-80.52,60.8,16.11
320,Sarh,0,TD,1560207997,83,9.14,18.39,82.4,3.09
321,Bulungu,35,CD,1560207999,40,-4.54,18.6,71.69,4.18
322,Save,100,BJ,1560208000,93,8.04,2.49,74.57,7.31
323,Camopi,84,GF,1560208001,99,3.17,-52.33,73.67,2.24
324,Cururupu,18,BR,1560208002,98,-1.82,-44.87,73.49,1.32
325,Juba,0,EE,1560208003,77,57.82,26.93,60.01,3.36
326,San Jose de Sisa,20,PE,1560208005,290,-6.62,-76.69,62.6,3.36
327,Carolina,90,PR,1560207993,70,18.38,-65.96,86.0,8.05
328,Aquiraz,40,BR,1560208007,74,-3.9,-38.39,82.4,16.11
329,Santa Maria,0,BR,1560208009,77,-29.69,-53.81,66.2,1.12
330,Mweka,34,CD,1560208011,46,-4.85,21.56,68.63,2.86
331,Olinda,75,EC,1560208012,66,-2.03,-79.75,86.0,6.93
332,Charlestown,90,US,1560208013,100,41.38,-71.64,71.01,10.29
333,Lagos,20,NG,1560207941,88,6.46,3.39,80.6,2.24
334,Kayes,90,ML,1560208016,32,14.44,-11.44,95.27,8.28
335,Witu,20,KE,1560208017,83,-2.39,40.44,78.8,4.7
336,Impfondo,26,CD,1560208018,63,1.62,18.06,75.11,0.85
337,Ikwiriri,0,TZ,1560208019,72,-7.96,38.99,69.17,4.12
338,Mbandaka,12,CD,1560208021,62,0.05,18.26,73.13,1.21
339,Polonnaruwa,100,LK,1560208022,72,7.94,81.0,80.33,6.42
340,Ginir,39,ET,1560208023,93,7.14,40.71,55.49,8.5
341,Wagar,1,US,1560208024,59,31.44,-87.99,90.0,3.0
342,Santa Marta,75,CO,1560208026,74,11.24,-74.21,86.0,6.93
343,Mana,0,RS,1560208027,93,43.52,20.24,62.6,1.12
344,Wajir,55,KE,1560208028,62,1.75,40.07,76.91,14.16
345,Gitega,91,BI,1560208029,82,-3.43,29.93,57.29,2.01
346,Pauini,17,BR,1560208031,72,-7.71,-67.0,77.99,1.74
347,Veraval,98,FR,1560208032,93,49.65,0.71,48.2,4.7
348,Kintinku,5,TZ,1560208033,62,-5.89,35.22,63.77,1.1
349,Loandjili,20,CG,1560208034,94,-4.77,11.87,73.4,2.24
350,Kaduqli,100,SD,1560208035,62,11.01,29.72,81.77,3.06
351,San Antero,40,CO,1560208037,79,9.38,-75.76,86.0,13.09
352,Ewo,99,CG,1560208038,56,-0.88,14.81,80.69,2.51
353,Miraflores,93,CO,1560208040,98,5.2,-73.14,56.75,2.17
354,Crateus,54,BR,1560208041,69,-5.18,-40.68,72.95,4.18
355,Ginda,0,IN,1560208042,26,30.69,78.49,62.69,6.55
356,Koani,20,TZ,1560208043,74,-6.13,39.28,78.8,9.17
357,Saint-Louis,100,CH,1560208045,100,47.59,7.56,57.2,3.36
358,Bumba,27,CD,1560208046,70,2.18,22.47,73.49,1.95
359,Mbini,90,GQ,1560208047,87,1.58,9.62,76.19,7.23
360,Sabya,100,YE,1560208048,62,16.19,43.1,93.11,4.09
361,Tubmanburg,93,LR,1560208050,99,6.87,-10.82,73.13,2.48
362,Bonga,90,ET,1560208051,98,7.26,36.25,56.39,0.74
363,Butembo,100,CD,1560208052,95,0.12,29.29,63.41,3.42
364,Mossendjo,4,CG,1560208053,91,-2.95,12.72,68.45,1.77
365,San Carlos del Zulia,99,VE,1560208055,84,9.0,-71.91,78.71,3.98
366,Maneromango,0,TZ,1560208056,88,-7.2,38.78,71.6,4.03
367,Jacmel,75,HT,1560208057,62,18.24,-72.54,87.8,10.29
368,Najran,0,SA,1560208058,28,17.54,44.22,82.4,3.56
369,Conceicao do Araguaia,11,BR,1560208059,66,-8.26,-49.26,77.45,1.28
370,Mahates,75,CO,1560208061,83,10.23,-75.19,84.2,5.82
371,Bosobolo,32,CD,1560208062,63,4.19,19.88,73.85,3.36
372,Kaura Namoda,73,NG,1560208063,49,12.59,6.58,88.25,12.06
373,Sorab,96,IN,1560208064,85,14.38,75.1,74.57,11.41
374,Kovur,99,IN,1560208065,43,14.5,79.99,91.67,8.12
375,Chake Chake,3,TZ,1560208067,72,-5.25,39.77,82.49,22.59
376,Bhadrachalam,97,IN,1560208068,69,17.67,80.89,86.63,7.47
377,Issenye,39,CM,1560208069,60,12.51,14.37,82.85,6.89
378,Watsa,45,CD,1560208070,97,3.04,29.53,63.59,1.97
379,Darien,40,US,1560207821,33,41.75,-87.98,75.99,17.22
380,Asosa,98,ET,1560208073,92,10.07,34.53,63.95,3.87
381,kimparana,74,ML,1560208074,37,12.83,-4.92,94.19,10.45
382,Bedesa,15,ET,1560208075,78,8.9,40.78,65.03,7.65
383,Saa,99,NG,1560208076,88,7.32,10.08,76.37,4.5
384,Hirna,17,ET,1560208078,99,9.22,41.1,56.39,4.92
385,Duayaw Nkwanta,100,GH,1560208079,99,7.17,-2.1,72.05,2.3
386,Muli,7,IN,1560208080,65,22.62,71.45,85.73,13.29
387,Gandajika,33,CD,1560208081,40,-6.75,23.95,66.65,2.89
388,Kitgum,65,UG,1560208083,91,3.3,32.88,63.95,3.69
389,Itacoatiara,100,BR,1560208084,84,-3.14,-58.44,78.17,3.42
390,Nikki,90,BJ,1560208085,89,9.94,3.21,74.21,10.54
391,Mucurapo,20,TT,1560208086,65,10.67,-61.53,82.99,11.41
392,Dahra,0,DZ,1560208087,55,36.25,0.85,64.4,5.82
393,Padang,56,ID,1560208089,77,-0.92,100.36,83.03,3.47
394,Kirando,9,TZ,1560208090,59,-7.37,30.62,75.47,14.36
395,Matadi,33,CD,1560208091,95,-5.83,13.46,69.53,2.28
396,Ouargaye,90,BF,1560208092,50,11.5,0.06,89.15,12.12
397,Bafoulabe,100,ML,1560208093,36,13.81,-10.83,92.57,3.22
398,Ariguani,100,CO,1560208095,70,10.25,-74.0,82.49,7.2
399,Prainha,100,BR,1560208096,98,-1.8,-53.48,75.11,2.24
400,Dagua,75,CO,1560208097,54,3.66,-76.69,84.2,10.29
401,Amalapuram,100,IN,1560208098,64,16.58,82.0,88.79,12.12
402,Ratnapura,83,IN,1560208100,54,17.9,77.63,86.09,16.78
403,Maine-Soroa,32,NE,1560208101,21,13.21,12.02,94.19,5.93
404,Kabala,100,SL,1560208102,97,9.59,-11.55,74.57,3.62
405,Madras,1,US,1560208055,21,44.63,-121.13,87.01,7.87
406,Marawi,100,PH,1560208104,90,8.0,124.29,78.01,3.0
407,Elesbao Veloso,53,BR,1560208106,66,-6.2,-42.14,77.27,5.7
408,Port Victoria,0,AU,1560208107,62,-34.5,137.49,62.15,22.88
409,Sedhiou,100,SN,1560208108,72,12.71,-15.56,79.97,8.59
410,Suleja,20,NG,1560208109,83,9.18,7.18,78.8,2.24
411,Bolgatanga,98,GH,1560208111,52,10.79,-0.85,87.35,9.01
412,Oistins,20,BB,1560208112,69,13.07,-59.53,82.4,19.46
413,Batangafo,90,CF,1560208113,83,7.3,18.29,76.73,1.77
414,Basse-Pointe,75,MQ,1560208114,74,14.87,-61.12,84.2,10.29
415,Tutoia,40,BR,1560208116,83,-2.76,-42.27,82.4,5.82
416,Boende,13,CD,1560208117,55,-0.28,20.88,71.87,1.92
417,Santa Luzia,0,BR,1560208118,77,-19.77,-43.85,66.2,8.05
418,Sangueya,100,GN,1560208119,84,10.7,-14.37,79.97,6.58
419,Lafiagi,77,NG,1560208121,88,8.85,5.42,75.83,10.11
420,Pedernales,28,EC,1560208122,81,0.07,-80.05,78.35,11.27
421,Juripiranga,75,BR,1560208123,83,-7.37,-35.24,78.8,6.93
422,Tame,100,CO,1560208124,99,6.46,-71.72,53.87,1.43
423,Oum Hadjer,67,TD,1560208125,40,13.3,19.7,89.69,5.14
424,Macherla,99,IN,1560208127,48,16.48,79.44,88.43,15.17
425,Valvedditturai,100,LK,1560208128,78,9.82,80.17,85.55,27.22
426,Kyabe,96,TD,1560208129,75,9.45,18.94,77.81,0.69
427,Sibut,40,CF,1560208130,75,5.73,19.09,73.49,2.71
428,Inyonga,0,TZ,1560208132,64,-6.72,32.06,59.63,6.96
429,Ilebo,30,CD,1560208133,48,-4.33,20.59,67.73,1.81
430,Dese,0,IT,1560208134,65,45.53,12.3,77.0,6.93
431,Mubende,36,UG,1560208135,98,0.56,31.4,60.35,1.99
432,Kasiri,100,SL,1560208136,80,8.94,-13.11,81.77,8.88
433,Ati,52,TD,1560208138,35,13.21,18.34,92.21,5.12
434,Kumbo,71,CM,1560208139,91,6.21,10.69,63.05,0.45
435,Oussouye,46,SN,1560208140,89,12.49,-16.54,76.37,12.75
436,Enugu,20,NG,1560208141,88,6.45,7.5,78.8,3.36
437,Aripuana,100,BR,1560208143,67,-9.17,-60.63,77.63,1.39
438,Camocim,34,BR,1560208144,92,-2.9,-40.84,76.01,4.99
439,Nauta,17,PE,1560208145,90,-4.51,-73.58,75.65,1.9
440,Minjur,40,IN,1560208146,49,13.28,80.26,91.4,10.29
441,Kassala,100,SD,1560208147,52,15.45,36.38,87.89,18.41
442,Carnot,97,CF,1560207903,94,4.94,15.87,69.17,3.2
443,Oyugis,35,KE,1560208150,91,-0.51,34.73,63.05,4.45
444,Wajid,35,SO,1560208151,69,3.81,43.25,76.55,18.95
445,Maicao,100,CO,1560208152,57,11.38,-72.24,87.17,10.56
446,Lubao,75,PH,1560208153,94,14.94,120.6,84.0,6.93
447,Ouallam,71,NE,1560208155,31,14.32,2.08,96.17,6.06
448,Dubti,0,ET,1560208156,34,11.74,41.09,94.01,6.78
449,Bria,98,CF,1560208157,89,6.54,21.99,71.51,2.8
450,Inirida,30,CO,1560208158,99,3.87,-67.92,74.57,2.28
451,Boa Vista,75,BR,1560208160,74,2.82,-60.67,82.4,4.7
452,El Retorno,98,CO,1560208162,99,2.33,-72.63,70.43,2.1
453,Sainte-Marie,75,CA,1560208163,53,46.45,-71.03,71.6,13.87
454,Ngorongoro,1,TZ,1560208164,81,-3.24,35.49,62.33,12.64
455,Asaba,99,NG,1560208165,96,6.19,6.75,73.31,4.21
456,Ouango,36,CD,1560208167,68,4.31,22.55,71.69,1.21
457,Solenzo,92,BF,1560208168,51,12.18,-4.08,86.63,6.02
458,Vigia del Fuerte,100,CO,1560208169,87,6.58,-76.89,78.17,3.02
459,Mendi,99,ET,1560208170,94,9.8,35.1,63.23,3.69
460,Ouesso,23,CG,1560208171,66,1.61,16.05,73.67,0.38
461,Manaus,40,BR,1560207913,74,-3.13,-59.98,84.2,4.7
462,Atkinson,20,US,1560208174,22,41.42,-90.02,78.01,11.41
463,Bandiagara,43,ML,1560208175,27,14.35,-3.61,98.69,6.87
464,Beni,68,CD,1560208176,97,0.49,29.47,64.67,2.64
465,Tonantins,62,BR,1560208177,97,-2.86,-67.77,74.39,1.83
466,Mugumu,54,TZ,1560208179,82,-1.84,34.67,61.79,2.93
467,Kerur,96,IN,1560208180,70,16.02,75.57,79.43,20.94
468,Kidal,99,ML,1560208181,17,18.44,1.41,97.97,7.9
469,Nzega,1,TZ,1560208182,52,-4.22,33.19,65.03,5.08
470,Robertsport,88,LR,1560208184,92,6.75,-11.37,76.37,5.68
471,Bako,0,NG,1560208185,78,9.68,6.4,82.4,5.82
472,Sagana,81,KE,1560208186,97,-0.67,37.21,56.39,3.15
473,Gimbi,99,ET,1560208187,98,8.81,37.79,54.41,3.69
474,Bara,90,NG,1560208188,55,10.41,10.6,84.83,10.74
475,Niamtougou,100,TG,1560208190,79,9.77,1.11,78.17,5.7
476,Goundam,81,ML,1560208191,28,16.42,-3.66,97.79,22.68
477,Mango,40,IT,1560208192,88,44.69,8.15,69.01,5.82
478,Itaituba,68,BR,1560208078,81,-4.26,-55.99,78.53,3.0
479,Wamba,75,CD,1560208194,98,2.14,27.99,67.19,1.74
480,Ikom,100,NG,1560208196,90,5.96,8.72,75.65,4.47
481,Bom Jardim,75,BR,1560208197,65,-7.8,-35.59,77.0,10.29
482,Korem,74,ET,1560208198,75,12.51,39.52,58.55,1.88
483,Beruwala,100,LK,1560208200,79,6.48,79.98,84.47,18.54
484,San Estanislao,100,PY,1560208201,73,-24.67,-56.44,68.27,7.99
485,Presidente Dutra,36,BR,1560208031,68,-5.29,-44.49,78.89,3.83
486,Sao Caetano de Odivelas,40,BR,1560208203,81,-0.75,-48.02,80.15,9.42
487,Abalak,44,NE,1560208204,13,15.46,6.28,96.17,4.92
488,Ambilobe,73,MG,1560208206,63,-13.19,49.05,73.31,5.21
489,Kulhudhuffushi,96,MV,1560208207,79,6.62,73.07,83.75,17.98
490,Guatire,100,VE,1560207971,72,10.47,-66.54,72.0,5.77
491,Pimenteiras,37,BR,1560208209,74,-6.24,-41.42,72.95,5.26
492,Benjamin Constant,0,BR,1560208210,88,-4.38,-70.03,75.2,2.24
493,Humaita,0,AR,1560208211,63,-24.93,-65.37,64.4,6.93
494,Barentu,100,ER,1560208213,63,15.11,37.59,80.15,7.05
495,Kamwenge,33,UG,1560208148,76,0.19,30.45,66.29,3.31
496,Bati,98,ET,1560208215,68,11.19,40.02,70.25,6.08
497,Uribia,100,CO,1560208216,57,11.71,-72.27,87.17,10.56
498,Dogondoutchi,77,NE,1560208218,41,13.64,4.03,92.57,17.81
499,Paidha,76,UG,1560208219,94,2.42,30.99,60.53,4.27
500,Itupiranga,0,BR,1560208102,62,-5.13,-49.33,86.0,2.24
501,Timbuktu,32,ML,1560208221,30,16.77,-3.01,94.73,19.86
502,Wageningen,75,NL,1560208222,93,51.98,5.66,62.01,2.24
503,Maues,96,BR,1560208223,74,-3.38,-57.72,79.61,2.28
504,Baindur,100,IN,1560208225,81,13.87,74.63,81.77,19.71
505,Maiduguri,32,NG,1560208226,39,11.84,13.15,92.39,4.68
506,Koindu,100,LR,1560208227,97,8.2,-10.37,72.23,2.33
507,Toma,40,JP,1560208229,82,43.82,142.6,57.2,3.36
508,Kibiti,1,TZ,1560208230,86,-7.72,38.94,67.19,3.56
509,Kilindoni,40,TZ,1560208231,70,-7.91,39.67,80.69,20.04
510,Mvangue,96,CM,1560208232,99,2.97,11.5,67.73,2.51
511,Bajil,4,ES,1560208233,54,38.23,-2.07,55.0,5.01
512,El Vigia,20,MX,1560208235,26,26.85,-109.72,99.0,13.87
513,Kade,97,GH,1560208236,98,6.1,-0.84,72.23,2.44
514,Dunda,11,IN,1560208237,16,30.62,78.32,75.47,6.87
515,Sao Miguel do Tapuio,95,BR,1560208238,66,-5.5,-41.32,77.63,5.37
516,Hillsborough,75,US,1560208195,26,37.57,-122.38,100.4,3.36
517,Kaabong,75,UG,1560208241,88,3.51,34.14,62.51,1.3
518,Luanda,75,AO,1560207956,94,-8.83,13.24,71.6,4.7
519,Castelo do Piaui,78,BR,1560208243,62,-5.32,-41.55,79.79,6.82
520,Tchollire,100,CM,1560208244,62,8.4,14.17,79.79,3.27
521,Adoni,100,IN,1560208245,60,15.63,77.27,84.11,14.54
522,Upata,45,VE,1560208247,93,8.02,-62.41,73.13,5.57
523,Beberibe,40,BR,1560208248,74,-4.18,-38.13,82.4,16.11
524,Madaoua,76,NE,1560208249,31,14.07,5.96,95.81,9.98
525,Kitui,31,KE,1560208250,79,-1.37,38.02,63.77,2.71
526,Sal Rei,40,CV,1560208251,83,16.18,-22.92,73.4,18.34
527,Cabrera,100,CO,1560208253,90,3.98,-74.48,58.91,3.78
528,Gusau,60,NG,1560208254,55,12.17,6.66,84.83,13.53
529,Chateaubelair,40,VC,1560208255,83,13.28,-61.25,82.4,11.41
530,Birnin Kebbi,44,NG,1560208256,42,12.45,4.2,92.03,15.75
531,Bujumbura,69,BI,1560208258,98,-3.36,29.37,50.81,1.79
532,Inongo,0,CD,1560208259,42,-1.93,18.29,73.85,2.62
533,Amudat,35,UG,1560208260,91,1.95,34.95,63.59,0.54
534,Guhagar,100,IN,1560208261,79,17.48,73.19,85.19,18.9
535,Kinkala,38,CG,1560208262,88,-4.35,14.75,73.4,8.05
536,Obo,64,CF,1560208264,86,5.39,26.49,70.61,2.08
537,Takaungu,20,KE,1560208028,78,-3.68,39.86,77.0,5.82
538,Kibungo,40,RW,1560208266,63,-2.14,30.55,66.2,3.36
539,Bachaquero,100,VE,1560208267,59,9.96,-71.12,86.99,1.81
540,Mombasa,20,KE,1560208268,78,-4.05,39.67,77.0,5.82
541,Jawhar,93,IN,1560208270,85,19.91,73.23,83.75,6.62
542,Isiro,95,CD,1560208271,98,2.77,27.62,67.73,2.04
543,Contamana,0,PE,1560208272,64,-7.35,-75.01,76.37,0.89
544,Grenville,90,CA,1560208273,39,45.62,-74.6,82.4,9.17
545,Alindao,26,CF,1560208274,68,5.04,21.21,71.33,2.15
546,Salaga,100,GH,1560208276,88,8.55,-0.52,76.55,7.36
547,Male,36,UA,1560208277,86,50.74,33.7,64.67,5.39
548,Gouyave,20,GD,1560208278,74,12.16,-61.73,82.4,16.11
549,Puerto Lleras,40,CO,1560208279,54,8.16,-72.46,84.2,12.75
550,Bonfim,0,BR,1560208281,68,-20.33,-44.24,66.2,5.82
551,Mbarara,61,UG,1560208282,85,-0.61,30.65,63.59,2.42
552,Bukene,0,TZ,1560208283,57,-4.23,32.89,63.41,3.87
553,Luebo,38,CD,1560208284,50,-5.35,21.42,67.73,2.17
554,Lira,70,UG,1560208285,95,2.25,32.9,63.23,2.42
555,Sena Madureira,61,BR,1560208287,72,-9.07,-68.66,78.89,0.25
556,Tahoua,45,NE,1560208288,27,14.89,5.26,96.17,6.49
557,Beneditinos,0,BR,1560208289,66,-5.46,-42.36,84.2,3.36
558,Jizan,40,SA,1560208290,52,16.89,42.56,91.4,4.74
559,Nhamunda,94,BR,1560208291,98,-2.19,-56.71,75.11,2.57
560,Owo,57,NG,1560208293,98,7.2,5.59,72.59,2.64
561,Abonnema,37,NG,1560208294,86,4.71,6.79,75.65,6.26
562,Yorosso,62,ML,1560208029,44,12.35,-4.78,90.77,10.63
563,Kattivakkam,40,IN,1560208296,49,13.22,80.32,91.4,10.29
